e78640,127.0.0.1,GET,http://ocmybooks/book/2,1506444371,,500
b38959,127.0.0.1,GET,http://ocmybooks/book,1506444378,,404
08992f,127.0.0.1,GET,http://ocmybooks/book,1506444423,,404
476848,127.0.0.1,GET,http://ocmybooks/book/2,1506444427,,500
bee6ef,127.0.0.1,GET,http://ocmybooks/book/2,1506444485,,200
c44579,127.0.0.1,GET,http://ocmybooks/,1506444504,,200
89c739,127.0.0.1,GET,http://ocmybooks/book/3,1506444516,,500
8f0924,127.0.0.1,GET,http://ocmybooks/book/1,1506444521,,200
89ccb3,127.0.0.1,GET,http://ocmybooks/book/1,1506444573,,200
d15d69,127.0.0.1,GET,http://ocmybooks/book/1,1506444649,,500
ae9310,127.0.0.1,GET,http://ocmybooks/book/1,1506444670,,200
